Timestamp,program,number of courses,year,curricular activities,time after  curricular activities,courses in week,"7. On average, how many assignments do you receive per week?",8.How often do you submit these assignments on time?,9. Do you wait until the last minute to study before examination?,10. Are you able to cover enough topics  before examination?,"11. In preparing for an academic work deadline, I often waste my time by doing other things ",12. I would classify myself as someone who is generally:
2021/07/14 3:23:00 PM GMT,Bsc Statistics ,7,Third,"No(If no,please move to question 6)",,4,3,Sometimes,Sometimes,Yes,Sometimes,Self motivated and always gets things done on time
2021/07/14 3:25:24 PM GMT,BSc.Statistics,7,Third,"No(If no,please move to question 6)",,4,2,Very Often,No,Yes,Sometimes,Self motivated and sometimes gets things done ahead of time
2021/07/14 3:26:11 PM GMT,Statistics,7,Third,"No(If no,please move to question 6)",,7,5,Sometimes,Sometimes,Yes,Sometimes,Self motivated and always gets things done on time
2021/07/14 3:28:54 PM GMT,Bsc statistics ,7,Third,Yes,Sometimes,5,9,Very Often,Sometimes,No,Sometimes,Self motivated and sometimes gets things done ahead of time
2021/07/14 3:32:10 PM GMT,Statistics,7,Fourth,"No(If no,please move to question 6)",,5,3,Very Often,Sometimes,No,Sometimes,Self motivated and sometimes gets things done ahead of time
2021/07/14 3:36:15 PM GMT,Bsc Statistics,7,Third,Yes,Sometimes,1,2,Very Often,Sometimes,No,Sometimes,Self motivated and always gets things done on time
2021/07/14 3:38:51 PM GMT,Logistics and supply chain management,6,First,"No(If no,please move to question 6)",,2,2,Very Often,Sometimes,Yes,Sometimes,Needs reminding to get things done on time
2021/07/14 3:47:07 PM GMT,Bsc Statistics,7,Third,Yes,Not at all,7,1,Very Often,No,No,Sometimes,Self motivated and sometimes gets things done ahead of time
2021/07/14 3:47:37 PM GMT,BA. Economics ,7,Third,Yes,Always,5,5,Very Often,No,Yes,Never,Self motivated and sometimes gets things done ahead of time
2021/07/14 3:49:34 PM GMT,BSC FASHION DESIGN ,6,First,"No(If no,please move to question 6)",,3,4,Very Often,Sometimes,Yes,Sometimes,Self motivated and sometimes gets things done ahead of time
2021/07/14 3:54:17 PM GMT,Quantity suverying and construction economics,9,First,"No(If no,please move to question 6)",,5,5,Very Often,Sometimes,No,Sometimes,Self motivated and always gets things done on time
2021/07/14 3:57:43 PM GMT,MPhil Pharmaceutical chemistry,4,Other:_____________________________________________________________,Yes,Sometimes,3,1,Very Often,Sometimes,Yes,Sometimes,Self motivated and always gets things done on time
2021/07/14 4:03:14 PM GMT,Bsc chemistry,7,First,Yes,Always,7,1,Very Often,No,Yes,Sometimes,Self motivated and always gets things done on time
2021/07/14 4:04:23 PM GMT,Logistics ,8,First,"No(If no,please move to question 6)",,6,6,Very Often,Sometimes,Yes,Sometimes,Self motivated and always gets things done on time
2021/07/14 4:04:30 PM GMT,BSc statistics ,7,Third,Yes,Sometimes,2,5,Very Often,Yes,No,Sometimes,Puts things off until the last minute or doesn't complete them
2021/07/14 4:22:34 PM GMT,B.A Economics,7,Third,Yes,Sometimes,6,3,Very Often,Sometimes,No,Never,Puts things off until the last minute or doesn't complete them
2021/07/14 4:36:21 PM GMT,BSC statistics,7,Third,Yes,Sometimes,7,2,Very Often,Yes,Yes,Sometimes,Self motivated and always gets things done on time
2021/07/14 4:46:23 PM GMT,Actuarial Science ,7,Third,"No(If no,please move to question 6)",,6,2,Very Often,No,Yes,Never,Self motivated and always gets things done on time
2021/07/14 4:47:59 PM GMT,Statistics,7,Third,Yes,Sometimes,10,4,Sometimes,No,No,Sometimes,Needs reminding to get things done on time
2021/07/14 4:52:51 PM GMT,BA. Social work ,8,First,"No(If no,please move to question 6)",,5,3,Very Often,No,No,Sometimes,Self motivated and always gets things done on time
2021/07/14 4:54:41 PM GMT,BSc STATISTICS,7,First,"No(If no,please move to question 6)",,7,4,Very Often,Sometimes,Yes,Sometimes,Self motivated and sometimes gets things done ahead of time
2021/07/14 4:58:43 PM GMT,BSC STATISTICS ,7,Third,"No(If no,please move to question 6)",,6,2,Very Often,No,Yes,Never,Self motivated and always gets things done on time
2021/07/14 4:59:07 PM GMT,Bsc Statistics,7,Third,"No(If no,please move to question 6)",,3,3,Very Often,Sometimes,Yes,Sometimes,Self motivated and always gets things done on time
2021/07/14 4:59:31 PM GMT,BSc human biology ,6,Third,Yes,Always,6,3,Very Often,No,Yes,Never,Self motivated and always gets things done on time
2021/07/14 5:00:46 PM GMT,Statistics,7,Third,Yes,Sometimes,7,3,Very Often,No,Yes,Sometimes,Self motivated and always gets things done on time
2021/07/14 5:01:29 PM GMT,Civil engineering ,7,Third,Yes,Sometimes,7,3,Very Often,Yes,Yes,Sometimes,Self motivated and always gets things done on time
2021/07/14 5:03:13 PM GMT,Statistics ,7,Third,"No(If no,please move to question 6)",,0,2,Very Often,Yes,Yes,Sometimes,Self motivated and always gets things done on time
2021/07/14 5:04:18 PM GMT,Bsc Agriculture ,9,First,Yes,Sometimes,3,5,Very Often,Yes,No,Sometimes,Self motivated and always gets things done on time
2021/07/14 5:04:59 PM GMT,Telecommunication engineering,7,Third,Yes,Sometimes,3,4,Very Often,Sometimes,Yes,Sometimes,Self motivated and sometimes gets things done ahead of time
2021/07/14 5:06:59 PM GMT,Statistics,7,Third,"No(If no,please move to question 6)",,3,2,Very Often,Sometimes,Yes,Sometimes,Self motivated and sometimes gets things done ahead of time
2021/07/14 5:07:30 PM GMT,Bsc Statistics ,7,Third,Yes,Always,3,2.5,Very Often,No,No,Sometimes,Self motivated and sometimes gets things done ahead of time
2021/07/14 5:08:54 PM GMT,Mathematics ,4,Fourth,Yes,Sometimes,2,2,Sometimes,Yes,Yes,Sometimes,Self motivated and sometimes gets things done ahead of time
2021/07/14 5:11:14 PM GMT,Bsc.Statistics,7,First,"No(If no,please move to question 6)",,4,3,Sometimes,No,No,Very often,Puts things off until the last minute or doesn't complete them
2021/07/14 5:11:25 PM GMT,Statistics,7,Third,Yes,Sometimes,3,5,Very Often,Yes,Yes,Sometimes,Self motivated and sometimes gets things done ahead of time
2021/07/14 5:11:38 PM GMT,Bsc agriculture,6,Fourth,Yes,Sometimes,2,4,Very Often,Sometimes,No,Sometimes,Self motivated and sometimes gets things done ahead of time
2021/07/14 5:12:04 PM GMT,BSC computer science,6,Fourth,"No(If no,please move to question 6)",,3,2,Sometimes,Sometimes,Yes,Sometimes,Self motivated and sometimes gets things done ahead of time
2021/07/14 5:32:52 PM GMT,Statistics ,7,Third,Yes,Always,7,7,Very Often,No,No,Sometimes,Self motivated and sometimes gets things done ahead of time
2021/07/14 5:34:47 PM GMT,Business Administration ,6,Third,"No(If no,please move to question 6)",,6,1,Very Often,Sometimes,Yes,Sometimes,Self motivated and always gets things done on time
2021/07/14 5:42:05 PM GMT,Bsc.statistics,7,Third,Yes,Sometimes,4,3,Very Often,Sometimes,Yes,Sometimes,Puts things off until the last minute or doesn't complete them
2021/07/14 5:44:07 PM GMT,Bsc. Landscape design and management,8,Third,"No(If no,please move to question 6)",,1,3,Very Often,Yes,No,Sometimes,Self motivated and sometimes gets things done ahead of time
2021/07/14 5:47:57 PM GMT,Bsc Statistics ,7,Third,Yes,Sometimes,7,3,Very Often,No,No,Sometimes,Self motivated and sometimes gets things done ahead of time
2021/07/14 5:50:04 PM GMT,Statistics,5,Fourth,Yes,Sometimes,4,7,Very Often,Yes,Yes,Sometimes,Puts things off until the last minute or doesn't complete them
2021/07/14 5:56:05 PM GMT,Biological sciences ,5,Fourth,Yes,Sometimes,5,1,Very Often,Sometimes,Yes,Never,Self motivated and always gets things done on time
2021/07/14 6:04:50 PM GMT,Bsc. Statistics ,7,Third,"No(If no,please move to question 6)",Sometimes,5,4,Sometimes,Sometimes,No,Sometimes,Self motivated and sometimes gets things done ahead of time
2021/07/14 6:09:44 PM GMT,BSC STATISTICS,7,Third,"No(If no,please move to question 6)",,5,3,Very Often,No,Yes,Never,Self motivated and always gets things done on time
2021/07/14 6:10:17 PM GMT,Statistics,7,Third,Yes,Always,2,2,Very Often,Yes,Yes,Never,Self motivated and always gets things done on time
2021/07/14 6:14:09 PM GMT,BSc. Business Administration ,4,Fourth,Yes,Always,4,2,Very Often,No,Yes,Never,Self motivated and always gets things done on time
2021/07/14 6:19:05 PM GMT,Biological sciences ,8,Third,Yes,Always,5,2,Very Often,No,Yes,Never,Self motivated and sometimes gets things done ahead of time
2021/07/14 6:28:37 PM GMT,Bsc Actuarial science ,8,Third,"No(If no,please move to question 6)",,8,4,Very Often,No,Yes,Never,Self motivated and always gets things done on time
2021/07/14 6:28:45 PM GMT,Land Economy,8,First,Yes,Sometimes,5,4,Very Often,No,Yes,Never,Needs reminding to get things done on time
2021/07/14 6:29:06 PM GMT,BSC. COMPUTER SCIENCE ,9,Third,Yes,Sometimes,2,6,Very Often,Yes,No,Sometimes,Self motivated and sometimes gets things done ahead of time
2021/07/14 6:30:19 PM GMT,Biochemistry ,5,Fourth,Yes,Sometimes,3,2,Very Often,No,Yes,Never,Self motivated and sometimes gets things done ahead of time
2021/07/14 6:31:08 PM GMT,Computer Science,9,Third,Yes,Sometimes,3,4,Sometimes,Yes,Yes,Sometimes,Self motivated and sometimes gets things done ahead of time
2021/07/14 6:31:09 PM GMT,Bsc Physics ,9,Second,Yes,Sometimes,4,3,Very Often,Sometimes,Yes,Never,Self motivated and always gets things done on time
2021/07/14 6:32:07 PM GMT,Quantity surveying,7,Third,"No(If no,please move to question 6)",,3,3,Sometimes,Yes,No,Very often,Puts things off until the last minute or doesn't complete them
2021/07/14 6:33:32 PM GMT,BSC REAL ESTATE ,6,Third,"No(If no,please move to question 6)",Not at all,3,1,Very Often,Yes,No,Sometimes,Puts things off until the last minute or doesn't complete them
2021/07/14 6:42:44 PM GMT,Quantity Surveying and Construction economics,8,Third,Yes,Always,6,5,Very Often,Sometimes,Yes,Never,Self motivated and always gets things done on time
2021/07/14 6:42:53 PM GMT,Bsc. Statistics ,7,Third,Yes,Always,3,2,Very Often,No,No,Sometimes,Self motivated and always gets things done on time
2021/07/14 6:43:54 PM GMT,Bsc Agriculture,9,Third,Yes,Sometimes,3,2,Sometimes,Yes,No,Very often,Self motivated and sometimes gets things done ahead of time
2021/07/14 6:44:41 PM GMT,Environmental science ,6,Fourth,"No(If no,please move to question 6)",,0,1,Very Often,Yes,Yes,Sometimes,Needs reminding to get things done on time
2021/07/14 6:46:34 PM GMT,Aerospace engineering ,7,Third,Yes,Sometimes,5,5,Very Often,Sometimes,No,Sometimes,Puts things off until the last minute or doesn't complete them
2021/07/14 6:49:56 PM GMT,Quantity Surveying and Construction Economics,9,Second,Yes,Sometimes,7,6,Very Often,Sometimes,Yes,Sometimes,Self motivated and always gets things done on time
2021/07/14 6:53:46 PM GMT,BSc. Chemistry,7,Third,"No(If no,please move to question 6)",,7,2,Very Often,No,Yes,Never,Self motivated and always gets things done on time
2021/07/14 6:53:58 PM GMT,Bsc Computer Engineering,6,Third,Yes,Sometimes,3,3,Very Often,Yes,Yes,Very often,Puts things off until the last minute or doesn't complete them
2021/07/14 6:58:18 PM GMT,Actuarial science,6,Fourth,Yes,Sometimes,6,2,Very Often,Sometimes,Yes,Sometimes,Self motivated and always gets things done on time
2021/07/14 6:58:53 PM GMT,Biological sciences ,7,Second,Yes,Not at all,4,3,Very Often,Sometimes,No,Very often,Self motivated and always gets things done on time
2021/07/14 7:02:05 PM GMT,BSc Geomatic Engineering,7,Third,"No(If no,please move to question 6)",,3,3,Sometimes,Sometimes,No,Very often,Puts things off until the last minute or doesn't complete them
2021/07/14 7:09:01 PM GMT,BSc Statistics,7,Third,Yes,Always,7,1,Very Often,Sometimes,Yes,Sometimes,Self motivated and sometimes gets things done ahead of time
2021/07/14 7:14:52 PM GMT,Statistics,7,Third,Yes,Sometimes,5,2,Very Often,No,Yes,Never,Self motivated and always gets things done on time
2021/07/14 7:15:06 PM GMT,Sociology ,6,Third,Yes,Sometimes,6,4,Very Often,Sometimes,Yes,Sometimes,Self motivated and sometimes gets things done ahead of time
2021/07/14 7:17:10 PM GMT,Biological Sciences,7,Second,"No(If no,please move to question 6)",,5,3,Very Often,No,Yes,Sometimes,Self motivated and sometimes gets things done ahead of time
2021/07/14 7:18:04 PM GMT,Computer Science,8,Fourth,Yes,Sometimes,4,4,Very Often,No,Yes,Sometimes,Self motivated and sometimes gets things done ahead of time
2021/07/14 7:20:34 PM GMT,Statistics ,7,Third,"No(If no,please move to question 6)",Sometimes,2,2,Very Often,Sometimes,No,Very often,Self motivated and always gets things done on time
2021/07/14 7:20:52 PM GMT,Tourism ,9,First,Yes,Sometimes,9,5,Very Often,Sometimes,No,Sometimes,Self motivated and sometimes gets things done ahead of time
2021/07/14 7:22:29 PM GMT,Biological Sciences,8,Third,Yes,Sometimes,5,3,Very Often,Sometimes,No,Sometimes,Self motivated and sometimes gets things done ahead of time
2021/07/14 7:23:11 PM GMT,Human Biology,6,Third,Yes,Sometimes,3,3,Very Often,Sometimes,Yes,Sometimes,Self motivated and always gets things done on time
2021/07/14 7:23:20 PM GMT,Bsc. Biochemistry ,7,Third,Yes,Always,5,3,Very Often,No,Yes,Sometimes,Self motivated and sometimes gets things done ahead of time
2021/07/14 7:26:31 PM GMT,Statistics,5,Fourth,Yes,Always,5,1,Very Often,No,Yes,Never,Self motivated and always gets things done on time
2021/07/14 7:27:38 PM GMT,Metallurgical engineering ,7,Second,Yes,Always,7,4,Very Often,No,Yes,Sometimes,Self motivated and sometimes gets things done ahead of time
2021/07/14 7:27:42 PM GMT,Business Administration,7,Second,"No(If no,please move to question 6)",Sometimes,7,2,Very Often,No,Yes,Never,Self motivated and always gets things done on time
2021/07/14 7:29:12 PM GMT,Meteorology ,7,Third,"No(If no,please move to question 6)",,3,4,Very Often,Sometimes,No,Sometimes,Needs reminding to get things done on time
2021/07/14 7:29:59 PM GMT,Statistics ,7,Third,"No(If no,please move to question 6)",,3,3,Very Often,Sometimes,Yes,Never,Self motivated and always gets things done on time
2021/07/14 7:30:38 PM GMT,Metallurgical Engineering ,8,Second,Yes,Sometimes,7,3,Very Often,No,Yes,Never,Self motivated and always gets things done on time
2021/07/14 7:32:09 PM GMT,Biochemistry ,6,Fourth,"No(If no,please move to question 6)",,3,2,Very Often,No,Yes,Sometimes,Self motivated and always gets things done on time
2021/07/14 7:34:33 PM GMT,Bsc Chemistry,7,First,"No(If no,please move to question 6)",,2,1,Very Often,Sometimes,No,Very often,Needs reminding to get things done on time
2021/07/14 7:34:34 PM GMT,Math and computer science,5,Third,Yes,Sometimes,2,2,Very Often,No,Yes,Sometimes,Self motivated and sometimes gets things done ahead of time
2021/07/14 7:40:18 PM GMT,BSC. Business Administration,5,Fourth,Yes,Sometimes,2,2,Very Often,Sometimes,Yes,Sometimes,Self motivated and always gets things done on time
2021/07/14 7:42:37 PM GMT,Bsc. Statistics,8,Third,Yes,Always,3,3,Very Often,No,Yes,Sometimes,Self motivated and always gets things done on time
2021/07/14 7:45:28 PM GMT,Bsc Statistics,5,Fourth,"No(If no,please move to question 6)",,5,1,Very Often,No,Yes,Very often,Self motivated and sometimes gets things done ahead of time
2021/07/14 7:45:49 PM GMT,Architecture,8,Second,"No(If no,please move to question 6)",,1,4,Sometimes,Yes,Yes,Sometimes,Self motivated and always gets things done on time
2021/07/14 7:47:21 PM GMT,Statistics,7,Second,Yes,Always,5,3,Very Often,No,Yes,Very often,Self motivated and sometimes gets things done ahead of time
2021/07/14 7:48:37 PM GMT,Metallurgical engineering,7,Second,Yes,Sometimes,4,3,Very Often,Sometimes,Yes,Sometimes,Self motivated and sometimes gets things done ahead of time
2021/07/14 7:49:24 PM GMT,Metallurgical engineering ,7,Third,Yes,Sometimes,3,5,Sometimes,Sometimes,Yes,Sometimes,Self motivated and sometimes gets things done ahead of time
2021/07/14 7:51:32 PM GMT,Materials engineering ,7,Second,"No(If no,please move to question 6)",,4,3,Sometimes,Sometimes,No,Never,Self motivated and sometimes gets things done ahead of time
2021/07/14 7:52:28 PM GMT,Development Planning ,5,Third,"No(If no,please move to question 6)",,4,3,Very Often,Sometimes,Yes,Sometimes,Self motivated and always gets things done on time
2021/07/14 7:53:19 PM GMT,BSC Statistics ,7,Third,"No(If no,please move to question 6)",,5,3,Very Often,Sometimes,Yes,Never,Needs reminding to get things done on time
2021/07/14 7:55:54 PM GMT,statistics ,7,Third,Yes,Always,6,3,Very Often,No,Yes,Never,Self motivated and always gets things done on time
2021/07/14 7:59:33 PM GMT,BSc. Computer Science,9,Third,"No(If no,please move to question 6)",,3,4,Very Often,Sometimes,Yes,Sometimes,Self motivated and sometimes gets things done ahead of time
2021/07/14 7:59:45 PM GMT,Statistics,7,First,"No(If no,please move to question 6)",Always,4,4,Very Often,Sometimes,Yes,Very often,Needs reminding to get things done on time
2021/07/14 8:06:30 PM GMT,Statistics,7,Third,"No(If no,please move to question 6)",,7,2,Very Often,Yes,Yes,Very often,Puts things off until the last minute or doesn't complete them
2021/07/14 8:08:12 PM GMT,Communication Design,7,Fourth,"No(If no,please move to question 6)",,4,5,Sometimes,Sometimes,Yes,Sometimes,Self motivated and always gets things done on time
2021/07/14 8:10:08 PM GMT,Bsc. Statistics ,7,Third,Yes,Sometimes,3,3,Very Often,Sometimes,Yes,Sometimes,Self motivated and always gets things done on time
2021/07/14 8:19:28 PM GMT,B.A GEOGRAPHY AND RURAL DEVELOPMENT ,6,Third,"No(If no,please move to question 6)",Not at all,6,3,Very Often,No,Yes,Never,Self motivated and always gets things done on time
2021/07/14 8:19:44 PM GMT,Mathematics ,5,First,Yes,Sometimes,15,4,Very Often,No,Yes,Sometimes,Self motivated and always gets things done on time
2021/07/14 8:20:50 PM GMT,Statistics,6,Fourth,Yes,Sometimes,6,3,Very Often,No,Yes,Sometimes,Self motivated and always gets things done on time
2021/07/14 8:25:41 PM GMT,Mechanical engineering,8,Third,Yes,Sometimes,5,3,Very Often,No,Yes,Sometimes,Self motivated and always gets things done on time
2021/07/14 8:29:54 PM GMT,Statistics ,7,Third,Yes,Sometimes,2,2,Sometimes,Yes,No,Very often,Self motivated and sometimes gets things done ahead of time
2021/07/14 8:32:51 PM GMT,Bsc Civil Engineering ,7,Third,Yes,Sometimes,1,6,Very Often,Yes,Yes,Very often,Puts things off until the last minute or doesn't complete them
2021/07/14 8:40:14 PM GMT,Economics,8,First,"No(If no,please move to question 6)",,0,3,Very Often,Sometimes,No,Sometimes,Puts things off until the last minute or doesn't complete them
2021/07/14 8:41:49 PM GMT,BSc. Statistics ,7,Second,"No(If no,please move to question 6)",,0,1,Sometimes,Yes,No,Very often,Needs reminding to get things done on time
2021/07/14 8:50:36 PM GMT,Chemical Engineering ,7,Second,"No(If no,please move to question 6)",,2,2,Very Often,Sometimes,No,Very often,Puts things off until the last minute or doesn't complete them
2021/07/14 8:56:51 PM GMT,Bsc. Development planning ,5,Third,Yes,Sometimes,2,1,Very Often,Sometimes,Yes,Sometimes,Self motivated and always gets things done on time
2021/07/14 9:00:19 PM GMT,Civil engineering ,7,Third,Yes,Always,3,4,Very Often,Sometimes,Yes,Sometimes,Self motivated and always gets things done on time
2021/07/14 9:07:41 PM GMT,Bsc Statistics ,7,Third,Yes,Always,7,2,Very Often,No,Yes,Never,Self motivated and always gets things done on time
2021/07/14 9:18:30 PM GMT,Statistics ,7,Third,Yes,Not at all,1,2,Sometimes,Yes,No,Sometimes,Puts things off until the last minute or doesn't complete them
2021/07/14 9:25:28 PM GMT,Design and Technology ,8,Second,Yes,Not at all,3,7,Sometimes,No,Yes,Sometimes,Self motivated and always gets things done on time
2021/07/14 9:42:15 PM GMT,Bsc Agribusiness management,8,First,"No(If no,please move to question 6)",Sometimes,6,4,Very Often,No,Yes,Sometimes,Self motivated and always gets things done on time
2021/07/14 9:42:27 PM GMT,B.Sc. Architecture ,6,Third,Yes,Not at all,5,3,Very Often,Sometimes,Yes,Sometimes,Self motivated and always gets things done on time
2021/07/14 9:48:51 PM GMT,Political Studies,6,Third,Yes,Always,4,1,Very Often,Sometimes,Yes,Never,Self motivated and always gets things done on time
2021/07/14 9:50:23 PM GMT,Geomatic Engineering ,7,Second,Yes,Sometimes,3,5,Very Often,Sometimes,No,Sometimes,Self motivated and sometimes gets things done ahead of time
2021/07/14 9:52:12 PM GMT,Biochemistry,7,Third,"No(If no,please move to question 6)",Not at all,3,2,Very Often,Sometimes,Yes,Sometimes,Needs reminding to get things done on time
2021/07/14 9:57:58 PM GMT,BSc. Agriculture,9,Third,Yes,Sometimes,3,1,Sometimes,Sometimes,Yes,Never,Self motivated and always gets things done on time
2021/07/14 10:02:38 PM GMT,Statistics ,7,Third,Yes,Not at all,1,7,Very Often,Yes,Yes,Sometimes,Self motivated and always gets things done on time
2021/07/14 10:03:32 PM GMT,Architecture,2,Sixth,Yes,Always,2,2,Very Often,No,Yes,Sometimes,Self motivated and always gets things done on time
2021/07/14 10:05:34 PM GMT,Bsc computer science,5,Second,Yes,Always,10,4,Very Often,No,Yes,Sometimes,Self motivated and sometimes gets things done ahead of time
2021/07/14 10:13:35 PM GMT,Statistics ,7,Third,"No(If no,please move to question 6)",,0,2,Very Often,Yes,Yes,Sometimes,Puts things off until the last minute or doesn't complete them
2021/07/14 10:20:37 PM GMT,Ba. Industrial Art,6,Fourth,Yes,Not at all,0,10,Sometimes,Yes,No,Very often,Needs reminding to get things done on time
2021/07/14 10:43:17 PM GMT,Political Studies ,6,Third,Yes,Always,2,2,Very Often,Sometimes,No,Very often,Self motivated and always gets things done on time
2021/07/14 11:02:55 PM GMT,BSc. Actuarial Science,7,Second,Yes,Sometimes,5,3,Very Often,Sometimes,No,Sometimes,Self motivated and sometimes gets things done ahead of time
2021/07/14 11:05:52 PM GMT,BSc. Statistics,6,Third,Yes,Sometimes,5,3,Sometimes,No,Yes,Sometimes,Self motivated and always gets things done on time
2021/07/14 11:06:23 PM GMT,BSc mechanical engineering ,6,Fourth,Yes,Sometimes,0,2,Very Often,Sometimes,No,Very often,Puts things off until the last minute or doesn't complete them
2021/07/14 11:09:52 PM GMT,BSC.statistics,7,Third,Yes,Sometimes,2,3,Sometimes,Sometimes,No,Very often,Puts things off until the last minute or doesn't complete them
2021/07/14 11:44:13 PM GMT,Petrochemical engineering,6,Fourth,Yes,Sometimes,5,1,Very Often,Sometimes,Yes,Never,Self motivated and sometimes gets things done ahead of time
2021/07/14 11:45:22 PM GMT,BA Sociology,6,Third,"No(If no,please move to question 6)",,3,3,Very Often,Sometimes,Yes,Sometimes,Self motivated and sometimes gets things done ahead of time
2021/07/15 12:03:51 AM GMT,Bsc statistics,7,First,"No(If no,please move to question 6)",,6,2,Very Often,Yes,Yes,Sometimes,Self motivated and always gets things done on time
2021/07/15 12:19:47 AM GMT,Bsc.Statistics ,7,Third,"No(If no,please move to question 6)",,4,3,Very Often,No,No,Sometimes,Self motivated and always gets things done on time
2021/07/15 12:28:57 AM GMT,BA Economics ,7,Third,Yes,Sometimes,3,1,Very Often,Sometimes,No,Sometimes,Self motivated and sometimes gets things done ahead of time
2021/07/15 12:35:55 AM GMT,B. A. Economics,8,First,"No(If no,please move to question 6)",,3,1,Very Often,Yes,Yes,Very often,Puts things off until the last minute or doesn't complete them
2021/07/15 12:47:42 AM GMT,Economics,7,Third,Yes,Always,3,2,Very Often,Sometimes,No,Very often,Self motivated and sometimes gets things done ahead of time
2021/07/15 1:11:22 AM GMT,Bsc Biological Sciences,5,Fourth,"No(If no,please move to question 6)",,3,1,Very Often,No,Yes,Sometimes,Self motivated and always gets things done on time
2021/07/15 3:27:02 AM GMT,BA ECONOMICS,7,Second,Yes,Sometimes,6,2,Very Often,Sometimes,Yes,Very often,Self motivated and always gets things done on time
2021/07/15 3:30:25 AM GMT,Bsc. Statistics,1,Third,Yes,Always,7,4,Very Often,Sometimes,No,Sometimes,Self motivated and always gets things done on time
2021/07/15 5:02:14 AM GMT,Computer engineering ,6,Third,"No(If no,please move to question 6)",,2,2,Very Often,Sometimes,No,Sometimes,Puts things off until the last minute or doesn't complete them
2021/07/15 5:21:37 AM GMT,Pharmacy,7,Third,"No(If no,please move to question 6)",Not at all,0,7,Sometimes,Yes,No,Very often,Puts things off until the last minute or doesn't complete them
2021/07/15 5:49:06 AM GMT,Economics,7,Third,"No(If no,please move to question 6)",,3,3,Very Often,Yes,No,Never,Needs reminding to get things done on time
2021/07/15 5:51:54 AM GMT,Ba economics,8,First,"No(If no,please move to question 6)",,5,4,Very Often,No,Yes,Never,Self motivated and always gets things done on time
2021/07/15 6:05:21 AM GMT,Actuarial science ,8,Third,Yes,Always,7,3,Very Often,No,Yes,Never,Self motivated and always gets things done on time
2021/07/15 6:16:38 AM GMT,BA Economics,7,Third,Yes,Sometimes,3,3,Very Often,Yes,No,Very often,Puts things off until the last minute or doesn't complete them
2021/07/15 6:19:17 AM GMT,Biomedical engineering ,7,First,"No(If no,please move to question 6)",,3,5,Very Often,Sometimes,Yes,Very often,Self motivated and sometimes gets things done ahead of time
2021/07/15 6:40:14 AM GMT,Medicine ,2,First,"No(If no,please move to question 6)",,3,2,Very Often,Yes,Yes,Very often,Self motivated and sometimes gets things done ahead of time
2021/07/15 6:50:31 AM GMT,Bsc.Agriculture,6,Fourth,"No(If no,please move to question 6)",Always,3,0,Very Often,No,Yes,Sometimes,Self motivated and sometimes gets things done ahead of time
2021/07/15 7:03:25 AM GMT,Geography,9,First,Yes,Sometimes,4,4,Very Often,No,Yes,Never,Self motivated and always gets things done on time
2021/07/15 7:29:20 AM GMT,Economics ,9,First,"No(If no,please move to question 6)",,3,1,Sometimes,Sometimes,No,Sometimes,Self motivated and always gets things done on time
2021/07/15 7:30:28 AM GMT,Computer science ,8,Third,Yes,Sometimes,2,6,Sometimes,Sometimes,No,Very often,Needs reminding to get things done on time
2021/07/15 7:36:19 AM GMT,Bsc Actuarial Science ,7,Second,Yes,Not at all,4,2,Very Often,Yes,No,Sometimes,Needs reminding to get things done on time
2021/07/15 7:42:06 AM GMT,Economics ,7,Third,Yes,Always,10,2,Very Often,No,Yes,Sometimes,Self motivated and sometimes gets things done ahead of time
2021/07/15 7:57:23 AM GMT,BA. Geography and rural development,7,Second,Yes,Sometimes,3,2,Sometimes,Sometimes,Yes,Sometimes,Self motivated and sometimes gets things done ahead of time
2021/07/15 8:02:23 AM GMT,BA. Economics,7,Third,"No(If no,please move to question 6)",,5,2,Very Often,No,No,Sometimes,Self motivated and sometimes gets things done ahead of time
2021/07/15 8:25:57 AM GMT,Doctor of Pharmacy ,6,First,"No(If no,please move to question 6)",,4,5,Very Often,No,No,Sometimes,Self motivated and sometimes gets things done ahead of time
2021/07/15 8:27:33 AM GMT,BSc.Mechanical Engineering ,8,Third,"No(If no,please move to question 6)",,5,3,Very Often,Sometimes,Yes,Sometimes,Self motivated and always gets things done on time
2021/07/15 8:38:45 AM GMT,BA. Economics ,7,Third,"No(If no,please move to question 6)",,5,1,Very Often,Sometimes,No,Sometimes,Needs reminding to get things done on time
2021/07/15 8:42:48 AM GMT,Pharmacy,6,Fifth,Yes,Sometimes,2,4,Very Often,Sometimes,Yes,Sometimes,Self motivated and always gets things done on time
2021/07/15 9:08:06 AM GMT,Economics ,7,Third,"No(If no,please move to question 6)",,3,2,Very Often,Yes,No,Sometimes,Puts things off until the last minute or doesn't complete them
2021/07/15 9:10:37 AM GMT,Integrated Rural Art and Industry ,5,Fourth,"No(If no,please move to question 6)",Sometimes,2,3,Very Often,Yes,No,Sometimes,Needs reminding to get things done on time
2021/07/15 9:19:57 AM GMT,Bsc statistics ,7,Third,Yes,Always,5,4,Very Often,No,Yes,Never,Self motivated and always gets things done on time
2021/07/15 10:00:09 AM GMT,BSc Statistics,7,Third,Yes,Always,3,2,Very Often,Sometimes,Yes,Sometimes,Self motivated and always gets things done on time
2021/07/15 10:01:40 AM GMT,Economics ,7,Third,Yes,Sometimes,3,2,Very Often,Sometimes,Yes,Never,Self motivated and sometimes gets things done ahead of time
2021/07/15 10:12:01 AM GMT,Environmental science ,8,Second,Yes,Sometimes,8,2,Very Often,Sometimes,No,Sometimes,Self motivated and always gets things done on time
2021/07/15 10:16:13 AM GMT,Business Administration ,6,Third,Yes,Sometimes,2,1,Very Often,Sometimes,Yes,Very often,Needs reminding to get things done on time
2021/07/15 10:16:55 AM GMT,Food science and technology ,7,First,"No(If no,please move to question 6)",,4,4,Very Often,Sometimes,No,Sometimes,Self motivated and always gets things done on time
2021/07/15 10:19:30 AM GMT,Telecommunications Engineering ,7,First,Yes,Sometimes,5,4,Very Often,No,Yes,Never,Self motivated and sometimes gets things done ahead of time
2021/07/15 10:20:23 AM GMT,BSc Actuarial you ,7,Second,Yes,Sometimes,4,2,Very Often,Sometimes,No,Sometimes,Self motivated and always gets things done on time
2021/07/15 10:20:51 AM GMT,Bsc Nursing ,9,First,"No(If no,please move to question 6)",,5,3,Very Often,Sometimes,Yes,Very often,Puts things off until the last minute or doesn't complete them
2021/07/15 10:20:54 AM GMT,Bsc. Nursing,9,First,Yes,Always,5,4,Very Often,Sometimes,Yes,Never,Self motivated and sometimes gets things done ahead of time
2021/07/15 10:23:16 AM GMT,Media and Communication Studies,9,First,Yes,Sometimes,6,5,Sometimes,Sometimes,No,Never,Self motivated and always gets things done on time
2021/07/15 10:26:05 AM GMT,BA Geography,6,Third,Yes,Sometimes,3,4,Very Often,Yes,Yes,Sometimes,Needs reminding to get things done on time
2021/07/15 10:27:55 AM GMT,Statistics ,7,Third,Yes,Not at all,3,3,Very Often,Yes,Yes,Sometimes,Self motivated and always gets things done on time
2021/07/15 10:28:11 AM GMT,BA History,6,Third,"No(If no,please move to question 6)",,2,1,Very Often,Sometimes,Yes,Sometimes,Self motivated and always gets things done on time
2021/07/15 10:28:22 AM GMT,Bsc. Nursing,9,First,Yes,Always,7,6,Very Often,No,Yes,Sometimes,Self motivated and always gets things done on time
2021/07/15 10:29:51 AM GMT,B.A Sociology ,7,Second,Yes,Sometimes,3,1,Very Often,Yes,Yes,Very often,Puts things off until the last minute or doesn't complete them
2021/07/15 10:32:58 AM GMT,Food science and technology ,7,First,Yes,Sometimes,3,4,Very Often,Sometimes,Yes,Never,Self motivated and sometimes gets things done ahead of time
2021/07/15 10:37:08 AM GMT,Aquaculture and water resources management,8,Second,Yes,Sometimes,0,2,Very Often,Sometimes,Yes,Sometimes,Needs reminding to get things done on time
2021/07/15 10:38:11 AM GMT,BA HISTORY,8,First,Yes,Sometimes,3,3,Very Often,Sometimes,Yes,Never,Self motivated and always gets things done on time
2021/07/15 10:42:04 AM GMT,Bsc. Statistics,7,Third,"No(If no,please move to question 6)",,3,3,Very Often,Yes,Yes,Very often,Self motivated and always gets things done on time
2021/07/15 10:45:00 AM GMT,Public relations management,7,First,Yes,Always,5,2,Very Often,Yes,Yes,Sometimes,Puts things off until the last minute or doesn't complete them
2021/07/15 10:46:00 AM GMT,B. A sociology ,6,Third,Yes,Sometimes,0,4,Very Often,No,Yes,Sometimes,Self motivated and sometimes gets things done ahead of time
2021/07/15 10:46:37 AM GMT,GEOGRAPHY ,6,Third,Yes,Sometimes,5,2,Very Often,No,Yes,Never,Self motivated and always gets things done on time
2021/07/15 10:46:51 AM GMT,Agribusiness management,6,Fourth,"No(If no,please move to question 6)",,5,3,Very Often,Sometimes,Yes,Sometimes,Self motivated and always gets things done on time
2021/07/15 10:55:09 AM GMT,Bsc Agribusiness Management ,9,Fourth,"No(If no,please move to question 6)",,5,5,Very Often,Sometimes,No,Sometimes,Self motivated and sometimes gets things done ahead of time
2021/07/15 10:55:29 AM GMT,Geography ,6,Third,Yes,Sometimes,0,1,Very Often,Sometimes,Yes,Sometimes,Puts things off until the last minute or doesn't complete them
2021/07/15 10:58:29 AM GMT,Statistics ,7,Third,"No(If no,please move to question 6)",,4,3,Very Often,Sometimes,No,Sometimes,Self motivated and always gets things done on time
2021/07/15 11:11:47 AM GMT,Bsc Agribusiness management,6,Fourth,Yes,Sometimes,4,1,Sometimes,No,Yes,Sometimes,Self motivated and always gets things done on time
2021/07/15 11:23:51 AM GMT,Doctor of Pharmacy ,7,Third,Yes,Sometimes,1,5,Very Often,Sometimes,No,Sometimes,Self motivated and sometimes gets things done ahead of time
2021/07/15 11:24:59 AM GMT,BA. POLITICAL STUDIES,9,First,Yes,Sometimes,6,3,Very Often,Yes,Yes,Sometimes,Self motivated and always gets things done on time
2021/07/15 11:28:32 AM GMT,Actuarial science ,8,Third,"No(If no,please move to question 6)",,1,1,Very Often,Yes,Yes,Sometimes,Self motivated and always gets things done on time
2021/07/15 11:31:14 AM GMT,Statistics ,7,Third,"No(If no,please move to question 6)",Not at all,7,4,Very Often,No,Yes,Sometimes,Self motivated and always gets things done on time
2021/07/15 11:50:14 AM GMT,BSc Nursing ,9,Third,Yes,Sometimes,4,1,Very Often,No,Yes,Sometimes,Self motivated and always gets things done on time
2021/07/15 12:00:01 PM GMT,BA. CULTURE AND TOURISM ,6,Third,"No(If no,please move to question 6)",,0,0,Never,Yes,No,Sometimes,Needs reminding to get things done on time
2021/07/15 12:04:39 PM GMT,Bsc Food Science and technology ,6,First,"No(If no,please move to question 6)",,4,4,Very Often,Sometimes,Yes,Sometimes,Self motivated and sometimes gets things done ahead of time
2021/07/15 12:13:23 PM GMT,B.a french and francophone studies,9,First,Yes,Sometimes,4,2,Very Often,No,Yes,Never,Self motivated and always gets things done on time
2021/07/15 12:13:41 PM GMT,BA. French,9,First,"No(If no,please move to question 6)",,8,5,Sometimes,Sometimes,No,Sometimes,Needs reminding to get things done on time
2021/07/15 12:14:15 PM GMT,BSc Statistics ,7,Third,Yes,Not at all,5,3,Very Often,Sometimes,No,Never,Self motivated and sometimes gets things done ahead of time
2021/07/15 12:16:07 PM GMT,Computer engineering ,8,First,Yes,Always,5,3,Very Often,No,Yes,Never,Self motivated and always gets things done on time
2021/07/15 12:19:23 PM GMT,BA Economics,7,Third,"No(If no,please move to question 6)",,2,2,Very Often,Sometimes,Yes,Sometimes,Self motivated and always gets things done on time
2021/07/15 12:21:30 PM GMT,Landscape design ,8,First,Yes,Sometimes,5,10,Very Often,Sometimes,Yes,Sometimes,Self motivated and always gets things done on time
2021/07/15 12:21:59 PM GMT,BA. FRENCH AND FRANCOPHONE STUDIES ,9,First,"No(If no,please move to question 6)",Always,6,1,Sometimes,Sometimes,No,Sometimes,Needs reminding to get things done on time
2021/07/15 12:28:32 PM GMT,BSC. Mathematics,7,Third,"No(If no,please move to question 6)",,5,4,Very Often,No,No,Sometimes,Self motivated and sometimes gets things done ahead of time
2021/07/15 12:37:40 PM GMT,Statistics ,7,Third,Yes,Always,7,3,Very Often,Sometimes,Yes,Never,Self motivated and always gets things done on time
2021/07/15 12:50:02 PM GMT,Engineering,7,Third,Yes,Not at all,0,1,Sometimes,Yes,No,Very often,Puts things off until the last minute or doesn't complete them
2021/07/15 12:55:59 PM GMT,Bsc. Forest Resources Technology,9,Second,Yes,Sometimes,5,5,Very Often,No,Yes,Never,Self motivated and sometimes gets things done ahead of time
2021/07/15 12:57:04 PM GMT,BSc Aerospace Engineering ,7,First,"No(If no,please move to question 6)",,3,5,Very Often,No,Yes,Sometimes,Self motivated and always gets things done on time
2021/07/15 12:57:31 PM GMT,Actuarial Science ,7,Second,Yes,Always,5,2,Very Often,Sometimes,Yes,Very often,Needs reminding to get things done on time
2021/07/15 1:06:51 PM GMT,BSC Aquaculture and water resources management,8,Second,"No(If no,please move to question 6)",,4,2,Very Often,No,Yes,Never,Self motivated and always gets things done on time
2021/07/15 1:07:38 PM GMT,Geography ,6,Third,"No(If no,please move to question 6)",,2,2,Very Often,Yes,Yes,Very often,Puts things off until the last minute or doesn't complete them
2021/07/15 1:14:41 PM GMT,Bsc. Statistics,7,Third,Yes,Sometimes,4,3,Very Often,Yes,Yes,Sometimes,Self motivated and sometimes gets things done ahead of time
2021/07/15 1:35:29 PM GMT,Bsc Statistics,7,Third,Yes,Sometimes,10,2,Very Often,Sometimes,No,Never,Self motivated and always gets things done on time
2021/07/15 1:43:01 PM GMT,Business administration ,7,Second,Yes,Sometimes,4,3,Very Often,Sometimes,No,Never,Puts things off until the last minute or doesn't complete them
2021/07/15 1:50:47 PM GMT,Bsc. Statistics,7,First,Yes,Sometimes,4,3,Very Often,No,No,Never,Self motivated and always gets things done on time
2021/07/15 1:52:55 PM GMT,Bsc statistics ,7,First,"No(If no,please move to question 6)",Not at all,6,5,Very Often,No,Yes,Never,Self motivated and sometimes gets things done ahead of time
2021/07/15 1:57:53 PM GMT,Political studies ,6,Third,Yes,Sometimes,3,3,Very Often,Sometimes,Yes,Sometimes,Self motivated and always gets things done on time
2021/07/15 2:08:44 PM GMT,Bsc.Statistics,7,First,Yes,Sometimes,7,1,Very Often,No,Yes,Never,Self motivated and always gets things done on time
2021/07/15 2:09:32 PM GMT,Biotechnology,8,Third,"No(If no,please move to question 6)",Not at all,6,5,Sometimes,Yes,No,Sometimes,Puts things off until the last minute or doesn't complete them
2021/07/15 2:20:15 PM GMT,B.A Political Studies,5,Fourth,Yes,Sometimes,2,3,Very Often,Sometimes,Yes,Never,Self motivated and sometimes gets things done ahead of time
2021/07/15 2:28:06 PM GMT,BSc. Computer Science,8,Second,Yes,Sometimes,5,3,Very Often,Sometimes,Yes,Sometimes,Self motivated and sometimes gets things done ahead of time
2021/07/15 2:29:58 PM GMT,Statistics,7,First,"No(If no,please move to question 6)",,4,2,Very Often,Sometimes,Yes,Sometimes,Self motivated and sometimes gets things done ahead of time
2021/07/15 2:34:52 PM GMT,Statistics,7,Third,Yes,Always,6,3,Sometimes,No,No,Sometimes,Needs reminding to get things done on time
2021/07/15 2:48:08 PM GMT,biological sciences,7,First,"No(If no,please move to question 6)",,4,6,Very Often,Sometimes,Yes,Sometimes,Self motivated and always gets things done on time
2021/07/15 2:50:04 PM GMT,Statistics,7,First,"No(If no,please move to question 6)",,3,2,Very Often,Sometimes,Yes,Sometimes,Puts things off until the last minute or doesn't complete them
2021/07/15 3:42:57 PM GMT,Statistics,6,Fourth,Yes,Sometimes,1,4,Sometimes,Yes,No,Very often,Puts things off until the last minute or doesn't complete them
2021/07/15 4:09:20 PM GMT,BSC.STATISTICS ,7,First,Yes,Always,7,4,Very Often,Sometimes,Yes,Sometimes,Self motivated and always gets things done on time
2021/07/15 4:16:39 PM GMT,Chemical Engineering ,7,Third,Yes,Always,4,2,Sometimes,Yes,Yes,Sometimes,Self motivated and always gets things done on time
2021/07/15 4:28:54 PM GMT,Bsc. Statistics,7,First,"No(If no,please move to question 6)",,5,4,Very Often,Sometimes,Yes,Sometimes,Self motivated and always gets things done on time
2021/07/15 4:36:37 PM GMT,Statistics ,7,Second,Yes,Always,7,4,Very Often,Sometimes,No,Sometimes,Self motivated and always gets things done on time
2021/07/15 4:42:01 PM GMT,BSc. Statistics ,6,Fourth,Yes,Sometimes,4,4,Very Often,Sometimes,Yes,Sometimes,Self motivated and sometimes gets things done ahead of time
2021/07/15 5:54:40 PM GMT,Bsc Statistics,7,Third,Yes,Sometimes,7,4,Very Often,Sometimes,No,Never,Self motivated and always gets things done on time
2021/07/15 6:48:56 PM GMT,Statistics ,7,Third,"No(If no,please move to question 6)",,4,3,Sometimes,Sometimes,No,Sometimes,Self motivated and sometimes gets things done ahead of time
2021/07/15 8:07:51 PM GMT,Bsc. Statistics,7,Third,"No(If no,please move to question 6)",,0,2,Never,Yes,No,Very often,Puts things off until the last minute or doesn't complete them
2021/07/15 8:10:50 PM GMT,Physician Assistanship ,8,First,Yes,Sometimes,3,5,Very Often,No,Yes,Sometimes,Self motivated and always gets things done on time
2021/07/15 8:42:33 PM GMT,Pharmacy,7,Third,Yes,Always,2,2,Very Often,Sometimes,Yes,Sometimes,Self motivated and sometimes gets things done ahead of time
2021/07/15 9:41:02 PM GMT,BSc. Renewable Natural Resources Mgt,7,Third,Yes,Always,3,3,Very Often,No,Yes,Never,Self motivated and sometimes gets things done ahead of time
2021/07/15 10:05:53 PM GMT,Bsc Statistics,7,First,Yes,Sometimes,7,1,Very Often,No,Yes,Never,Needs reminding to get things done on time
2021/07/15 10:41:21 PM GMT,Bsc. Statistics,7,Third,Yes,Sometimes,4,3,Very Often,Sometimes,Yes,Sometimes,Self motivated and always gets things done on time
2021/07/15 10:46:58 PM GMT,Geography and rural development ,7,Second,"No(If no,please move to question 6)",Not at all,2,1,Very Often,Yes,Yes,Sometimes,Self motivated and sometimes gets things done ahead of time
2021/07/15 10:53:13 PM GMT,Mechanical engineering ,8,Third,"No(If no,please move to question 6)",Sometimes,5,4,Very Often,Sometimes,Yes,Sometimes,Self motivated and sometimes gets things done ahead of time
2021/07/15 11:06:45 PM GMT,Computer Science,8,Second,Yes,Always,8,3,Very Often,Sometimes,Yes,Never,Self motivated and sometimes gets things done ahead of time
2021/07/15 11:16:54 PM GMT,Bsc.Statistics,7,Third,"No(If no,please move to question 6)",Not at all,4,1,Very Often,Yes,Yes,Never,Self motivated and always gets things done on time
2021/07/16 2:42:19 AM GMT,Aerospace Engineering ,7,First,Yes,Sometimes,5,4,Very Often,Sometimes,Yes,Sometimes,Self motivated and sometimes gets things done ahead of time
2021/07/16 5:26:34 AM GMT,BIOMEDICAL ENGINEERING ,6,Third,Yes,Sometimes,2,6,Sometimes,Yes,No,Sometimes,Puts things off until the last minute or doesn't complete them
2021/07/16 6:34:12 AM GMT,Food Science and Technology,8,Second,Yes,Always,8,4,Very Often,No,Yes,Never,Self motivated and always gets things done on time
2021/07/16 7:00:47 AM GMT,BSc Chemistry ,6,Third,Yes,Sometimes,5,3,Very Often,Sometimes,No,Sometimes,Needs reminding to get things done on time
2021/07/16 7:34:22 AM GMT,Mathematics ,8,Second,Yes,Sometimes,3,3,Sometimes,Yes,Yes,Sometimes,Needs reminding to get things done on time
2021/07/16 7:58:07 AM GMT,BSc. Aquaculture and water resources management ,7,Second,"No(If no,please move to question 6)",,2,1,Very Often,Sometimes,No,Sometimes,Self motivated and sometimes gets things done ahead of time
2021/07/16 8:27:59 AM GMT,Bsc. Statistics ,7,Second,Yes,Always,6,2,Very Often,No,Yes,Never,Self motivated and always gets things done on time
2021/07/16 8:47:53 AM GMT,BA Political studies ,6,Third,"No(If no,please move to question 6)",,0,2,Very Often,Yes,No,Very often,Puts things off until the last minute or doesn't complete them
2021/07/16 8:51:01 AM GMT,Sociology ,7,Second,"No(If no,please move to question 6)",,4,2,Very Often,Sometimes,Yes,Never,Self motivated and always gets things done on time
2021/07/16 9:58:44 AM GMT,Sociology ,6,Third,"No(If no,please move to question 6)",,1,2,Very Often,Yes,No,Sometimes,Puts things off until the last minute or doesn't complete them
2021/07/16 10:10:21 AM GMT,BSc. Food Science and Technology,3,Third,"No(If no,please move to question 6)",,0,1,Very Often,Sometimes,Yes,Never,Self motivated and always gets things done on time
2021/07/16 10:49:17 AM GMT,Aerospace engineering ,7,Second,"No(If no,please move to question 6)",,3,4,Sometimes,No,Yes,Never,Self motivated and always gets things done on time
2021/07/16 11:26:12 AM GMT,Political Studies,5,Third,"No(If no,please move to question 6)",,3,3,Very Often,No,Yes,Sometimes,Self motivated and always gets things done on time
2021/07/16 11:40:28 AM GMT,Statistics,7,First,"No(If no,please move to question 6)",,4,2,Very Often,No,No,Never,Self motivated and always gets things done on time
2021/07/16 11:42:50 AM GMT,Sociology ,6,Third,Yes,Sometimes,1,3,Very Often,Yes,Yes,Sometimes,Self motivated and always gets things done on time
2021/07/16 12:47:13 PM GMT,Media and communication studies ,9,First,Yes,Sometimes,6,5,Very Often,Sometimes,Yes,Sometimes,Self motivated and always gets things done on time
2021/07/16 1:47:06 PM GMT,Statistics ,7,Third,Yes,Always,5,3,Very Often,No,Yes,Never,Self motivated and always gets things done on time
2021/07/16 2:35:18 PM GMT,Statistics,7,Third,Yes,Not at all,3,2,Very Often,Sometimes,Yes,Sometimes,Self motivated and always gets things done on time
2021/07/16 3:29:00 PM GMT,Statistics ,7,Third,"No(If no,please move to question 6)",,3,2,Very Often,Sometimes,Yes,Never,Self motivated and always gets things done on time
2021/07/16 10:33:00 PM GMT,Bsc. Development Planning ,5,Third,Yes,Always,5,3,Very Often,No,Yes,Never,Self motivated and always gets things done on time
2021/07/16 10:35:09 PM GMT,B A Communication Design,9,Second,"No(If no,please move to question 6)",Sometimes,5,7,Sometimes,No,No,Never,Self motivated and always gets things done on time
2021/07/16 10:36:24 PM GMT,Communication Design,7,First,"No(If no,please move to question 6)",,7,6,Sometimes,Sometimes,Yes,Sometimes,Self motivated and sometimes gets things done ahead of time
2021/07/16 10:39:51 PM GMT,Statistics,7,Third,"No(If no,please move to question 6)",,2,2,Very Often,Sometimes,Yes,Sometimes,Needs reminding to get things done on time
2021/07/16 10:43:48 PM GMT,civil engineering,5,Fourth,Yes,Sometimes,3,4,Very Often,Sometimes,Yes,Sometimes,Puts things off until the last minute or doesn't complete them
2021/07/16 10:44:53 PM GMT,Bsc Meteorogy and Climate Science ,9,Second,Yes,Sometimes,4,3,Very Often,Sometimes,No,Never,Self motivated and always gets things done on time
2021/07/16 10:48:36 PM GMT,Pharmacy,1,First,"No(If no,please move to question 6)",Not at all,3,2,Very Often,No,Yes,Sometimes,Self motivated and always gets things done on time
2021/07/16 10:49:37 PM GMT,Physician assistantship,8,Sixth,"No(If no,please move to question 6)",,5,3,Very Often,Sometimes,Yes,Sometimes,Self motivated and sometimes gets things done ahead of time
2021/07/16 10:49:43 PM GMT,BA. Sociology,8,First,Yes,Sometimes,4,3,Very Often,Sometimes,Yes,Never,Self motivated and always gets things done on time
2021/07/16 10:50:23 PM GMT,BSc Marine Engineering,8,Third,"No(If no,please move to question 6)",,2,2,Very Often,Sometimes,No,Very often,Self motivated and always gets things done on time
2021/07/16 10:51:10 PM GMT,Physician Assistantship ,8,First,"No(If no,please move to question 6)",,5,3,Very Often,No,Yes,Sometimes,Self motivated and always gets things done on time
2021/07/16 10:53:59 PM GMT,Bsc. Physician assistantship ,8,First,Yes,Always,3,6,Very Often,Sometimes,Yes,Very often,Puts things off until the last minute or doesn't complete them
2021/07/16 10:54:31 PM GMT,Geologic engineering ,8,Third,"No(If no,please move to question 6)",,4,5,Very Often,Sometimes,No,Very often,Puts things off until the last minute or doesn't complete them
2021/07/16 10:56:37 PM GMT,Physician Assistantship ,8,First,"No(If no,please move to question 6)",,7,3,Very Often,No,Yes,Never,Self motivated and always gets things done on time
2021/07/16 11:01:33 PM GMT,Landscape design and management ,7,First,Yes,Sometimes,7,5,Very Often,No,No,Sometimes,Self motivated and always gets things done on time
2021/07/16 11:02:30 PM GMT,CTM,9,First,"No(If no,please move to question 6)",,5,2,Very Often,No,No,Very often,Self motivated and sometimes gets things done ahead of time
2021/07/16 11:03:39 PM GMT,Physician Assistantship ,8,First,"No(If no,please move to question 6)",,8,2,Very Often,No,Yes,Very often,Self motivated and always gets things done on time
2021/07/16 11:07:28 PM GMT,Business administration,7,First,Yes,Always,3,2,Very Often,No,Yes,Never,Self motivated and sometimes gets things done ahead of time
2021/07/16 11:08:23 PM GMT,BA History,8,First,"No(If no,please move to question 6)",,4,3,Very Often,Sometimes,Yes,Sometimes,Self motivated and sometimes gets things done ahead of time
2021/07/16 11:12:45 PM GMT,BSc Physician Assistantship,8,First,Yes,Always,4,3,Very Often,Sometimes,Yes,Very often,Self motivated and sometimes gets things done ahead of time
2021/07/16 11:13:04 PM GMT,Bsc Petroleum Engineering ,8,Third,Yes,Sometimes,3,3,Very Often,No,Yes,Sometimes,Self motivated and sometimes gets things done ahead of time
2021/07/16 11:16:16 PM GMT,Statistics,7,Second,"No(If no,please move to question 6)",,4,1,Sometimes,No,Yes,Sometimes,Self motivated and sometimes gets things done ahead of time
2021/07/16 11:19:08 PM GMT,BSC land economy,8,First,Yes,Always,6,4,Very Often,No,Yes,Sometimes,Self motivated and sometimes gets things done ahead of time
2021/07/16 11:22:09 PM GMT,Environmental Safety Engineering,7,Third,Yes,Always,4,3,Very Often,No,Yes,Sometimes,Self motivated and sometimes gets things done ahead of time
2021/07/16 11:24:30 PM GMT,Business administration ,7,Second,"No(If no,please move to question 6)",,7,3,Very Often,Sometimes,No,Sometimes,Puts things off until the last minute or doesn't complete them
2021/07/16 11:45:13 PM GMT,Bsc. Automobile Engineering ,8,Second,Yes,Always,6,6,Very Often,No,Yes,Never,Self motivated and sometimes gets things done ahead of time
2021/07/16 11:58:53 PM GMT,BSc Physics ,7,Third,Yes,Sometimes,3,3,Sometimes,Yes,No,Sometimes,Self motivated and always gets things done on time
2021/07/17 12:07:57 AM GMT,Computer Science ,8,Second,Yes,Sometimes,3,5,Very Often,Yes,No,Sometimes,Self motivated and always gets things done on time
2021/07/17 12:15:52 AM GMT,BSC. BUSINESS ADMINISTRATION,6,Third,Yes,Sometimes,4,1,Very Often,No,Yes,Never,Self motivated and always gets things done on time
2021/07/17 12:31:44 AM GMT,Bsc. Statistics ,7,Third,Yes,Sometimes,3,3,Sometimes,Sometimes,No,Sometimes,Puts things off until the last minute or doesn't complete them
2021/07/17 12:34:27 AM GMT,Bsc Communication Design,9,Second,Yes,Sometimes,2,4,Sometimes,Sometimes,Yes,Sometimes,Self motivated and always gets things done on time
2021/07/17 12:37:54 AM GMT,Fashion,1,Third,Yes,Sometimes,5,4,Very Often,Sometimes,No,Sometimes,Self motivated and sometimes gets things done ahead of time
2021/07/17 12:56:00 AM GMT,English,2,Fourth,"No(If no,please move to question 6)",,3,2,Very Often,No,Yes,Very often,Self motivated and sometimes gets things done ahead of time
2021/07/17 12:56:23 AM GMT,Medicine,7,Fourth,Yes,Sometimes,3,12,Sometimes,Sometimes,No,Sometimes,Self motivated and always gets things done on time
2021/07/17 1:15:22 AM GMT,English,8,Fourth,"No(If no,please move to question 6)",,2,5,Very Often,Sometimes,Yes,Sometimes,Puts things off until the last minute or doesn't complete them
2021/07/17 1:26:02 AM GMT,Geological eng9engineering ,7,Third,Yes,Sometimes,3,1,Very Often,Sometimes,Yes,Sometimes,Self motivated and sometimes gets things done ahead of time
2021/07/17 4:20:37 AM GMT,Bsc Physician Assistantship ,8,First,"No(If no,please move to question 6)",,3,1,Very Often,Sometimes,No,Sometimes,Self motivated and always gets things done on time
2021/07/17 5:20:02 AM GMT,Agricultural Biotechnology,7,First,Yes,Not at all,1,1,Sometimes,Yes,No,Very often,Needs reminding to get things done on time
2021/07/17 5:21:35 AM GMT,Bsc.Administration,5,Second,"No(If no,please move to question 6)",,3,6,Sometimes,Sometimes,No,Very often,Self motivated and always gets things done on time
2021/07/17 6:22:16 AM GMT,Ba. Political Studies ,8,First,Yes,Sometimes,5,3,Very Often,No,Yes,Sometimes,Self motivated and sometimes gets things done ahead of time
2021/07/17 6:30:52 AM GMT,Bsc. Agriculture,9,Second,Yes,Always,9,3,Very Often,No,Yes,Never,Self motivated and always gets things done on time
2021/07/17 6:55:12 AM GMT,BSc. Chemistry ,6,Fourth,"No(If no,please move to question 6)",,0,1,Never,Yes,No,Very often,Puts things off until the last minute or doesn't complete them
2021/07/17 7:00:23 AM GMT,Statistics ,7,Third,"No(If no,please move to question 6)",Sometimes,3,1,Sometimes,Sometimes,No,Sometimes,Self motivated and always gets things done on time
2021/07/17 7:32:44 AM GMT,Communication design,9,Second,"No(If no,please move to question 6)",,4,5,Very Often,Sometimes,Yes,Sometimes,Self motivated and sometimes gets things done ahead of time
2021/07/17 7:50:58 AM GMT,B.A CULTURE AND TOURISM ,6,Third,Yes,Sometimes,1,1,Very Often,Yes,No,Very often,Self motivated and sometimes gets things done ahead of time
2021/07/17 7:59:55 AM GMT,B.A political studies,7,First,"No(If no,please move to question 6)",,3,2,Very Often,Yes,No,Sometimes,Self motivated and always gets things done on time
2021/07/17 8:26:04 AM GMT,BA Geography and Rural Development ,7,Second,Yes,Sometimes,4,1,Very Often,Sometimes,Yes,Never,Self motivated and always gets things done on time
2021/07/17 8:29:37 AM GMT,Political studies ,8,First,Yes,Sometimes,3,1,Sometimes,Sometimes,No,Never,Needs reminding to get things done on time
2021/07/17 8:34:06 AM GMT,Physiotherapy and Sports Science ,8,Second,Yes,Not at all,3,3,Very Often,Yes,Yes,Never,Needs reminding to get things done on time
2021/07/17 8:39:45 AM GMT,Bsc. Biochemistry ,8,Second,Yes,Sometimes,5,2,Very Often,Yes,No,Sometimes,Self motivated and sometimes gets things done ahead of time
2021/07/17 8:46:55 AM GMT,Bsc. Biochemistry ,8,Second,"No(If no,please move to question 6)",,3,1,Very Often,No,Yes,Never,Self motivated and always gets things done on time
2021/07/17 8:50:21 AM GMT,Biochemistry ,8,Second,"No(If no,please move to question 6)",Always,1,2,Very Often,No,Yes,Very often,Self motivated and always gets things done on time
2021/07/17 8:53:10 AM GMT,BS. Physics,9,Second,"No(If no,please move to question 6)",Sometimes,3,2,Very Often,Sometimes,No,Sometimes,Self motivated and sometimes gets things done ahead of time
2021/07/17 9:13:14 AM GMT,Biochemistry,8,Second,Yes,Sometimes,5,3,Very Often,Sometimes,Yes,Never,Needs reminding to get things done on time
2021/07/17 9:13:51 AM GMT,Biochemistry ,8,Second,Yes,Not at all,8,4,Very Often,No,No,Never,Self motivated and always gets things done on time
2021/07/17 9:17:51 AM GMT,Biochemistry,8,Second,Yes,Sometimes,8,3,Very Often,No,Yes,Sometimes,Self motivated and always gets things done on time
2021/07/17 9:21:35 AM GMT,BBA,7,Second,"No(If no,please move to question 6)",,4,4,Very Often,No,Yes,Never,Self motivated and always gets things done on time
2021/07/17 9:21:45 AM GMT,Biochemistry ,8,Second,Yes,Sometimes,3,2,Sometimes,Sometimes,No,Sometimes,Needs reminding to get things done on time
2021/07/17 9:29:46 AM GMT,BIOCHEMISTRY,8,Second,Yes,Always,6,13,Sometimes,No,No,Very often,Self motivated and sometimes gets things done ahead of time
2021/07/17 9:44:53 AM GMT,Bsc Natural Resource Management,9,Second,"No(If no,please move to question 6)",Sometimes,6,4,Very Often,No,Yes,Never,Self motivated and always gets things done on time
2021/07/17 9:47:46 AM GMT,Fashion,5,Second,"No(If no,please move to question 6)",,4,2,Very Often,Sometimes,Yes,Sometimes,Self motivated and always gets things done on time
2021/07/17 9:50:04 AM GMT,BSC Natural Resource Management,9,Second,Yes,Sometimes,3,2,Very Often,Yes,Yes,Sometimes,Self motivated and sometimes gets things done ahead of time
2021/07/17 10:03:22 AM GMT,Bsc.Natural Resources Mgt,7,Second,"No(If no,please move to question 6)",,7,3,Very Often,No,No,Sometimes,Puts things off until the last minute or doesn't complete them
2021/07/17 10:05:19 AM GMT,BSc. Biochemistry,7,Third,Yes,Sometimes,3,2,Sometimes,Sometimes,No,Very often,Self motivated and always gets things done on time
2021/07/17 10:19:31 AM GMT,Statistics,7,Third,"No(If no,please move to question 6)",,1,2,Very Often,Yes,No,Very often,Puts things off until the last minute or doesn't complete them
2021/07/17 10:23:19 AM GMT,bsc.Physician Assistantship,8,First,Yes,Sometimes,6,3,Very Often,No,Yes,Sometimes,Needs reminding to get things done on time
2021/07/17 10:26:07 AM GMT,Biochemistry ,8,Second,Yes,Always,6,5,Very Often,Yes,Yes,Sometimes,Self motivated and always gets things done on time
2021/07/17 10:40:24 AM GMT,Geomatic Engineering ,7,Fourth,Yes,Sometimes,5,4,Sometimes,Yes,No,Sometimes,Needs reminding to get things done on time
2021/07/17 10:51:21 AM GMT,B.A. Media and Communication studies,9,First,Yes,Sometimes,3,4,Very Often,Sometimes,Yes,Sometimes,Self motivated and sometimes gets things done ahead of time
2021/07/17 11:09:56 AM GMT,Biochemistry ,8,Second,"No(If no,please move to question 6)",Not at all,4,3,Sometimes,Sometimes,Yes,Sometimes,Self motivated and sometimes gets things done ahead of time
2021/07/17 11:19:58 AM GMT,Chemical engineering ,8,First,"No(If no,please move to question 6)",Always,8,3,Very Often,No,Yes,Never,Self motivated and sometimes gets things done ahead of time
2021/07/17 11:57:36 AM GMT,Biochemistry,8,Second,"No(If no,please move to question 6)",Sometimes,4,3,Very Often,No,Yes,Sometimes,Self motivated and always gets things done on time
2021/07/17 12:10:14 PM GMT,Biochemistry ,6,Fourth,Yes,Sometimes,5,4,Very Often,No,Yes,Sometimes,Self motivated and sometimes gets things done ahead of time
2021/07/17 12:10:44 PM GMT,Agricultural Biotechnology,9,Second,Yes,Sometimes,2,1,Very Often,Sometimes,Yes,Sometimes,Self motivated and always gets things done on time
2021/07/17 12:26:02 PM GMT,BSC.Statistics,7,Third,"No(If no,please move to question 6)",Sometimes,4,3,Very Often,No,Yes,Very often,Self motivated and always gets things done on time
2021/07/17 1:05:16 PM GMT,Bsc. Statistics,7,Third,"No(If no,please move to question 6)",Sometimes,3,5,Very Often,Sometimes,Yes,Sometimes,Self motivated and sometimes gets things done ahead of time
2021/07/17 1:08:48 PM GMT,Bsc. Computer science ,8,Second,"No(If no,please move to question 6)",,4,4,Very Often,Sometimes,Yes,Never,Self motivated and always gets things done on time
2021/07/17 1:20:54 PM GMT,Statistics ,7,Third,Yes,Sometimes,3,2,Very Often,Sometimes,No,Never,Self motivated and always gets things done on time
2021/07/17 2:14:10 PM GMT,Forest Resources Technology,8,Third,Yes,Sometimes,3,1,Sometimes,Yes,Yes,Very often,Puts things off until the last minute or doesn't complete them
2021/07/17 3:03:30 PM GMT,Registered midwifery,8,Second,Yes,Sometimes,8,1,Very Often,No,Yes,Sometimes,Self motivated and always gets things done on time
2021/07/17 3:07:47 PM GMT,Bsc. Statistics,6,Fourth,"No(If no,please move to question 6)",,4,2,Very Often,No,Yes,Never,Self motivated and always gets things done on time
2021/07/17 4:38:40 PM GMT,Biomedical Engineering ,7,Third,"No(If no,please move to question 6)",,5,7,Very Often,Sometimes,Yes,Sometimes,Self motivated and sometimes gets things done ahead of time
2021/07/17 5:03:27 PM GMT,Back statistics,7,First,"No(If no,please move to question 6)",,4,2,Very Often,No,Yes,Sometimes,Self motivated and sometimes gets things done ahead of time
2021/07/17 6:56:49 PM GMT,Environmental science ,8,Second,Yes,Sometimes,4,2,Very Often,Sometimes,Yes,Sometimes,Self motivated and always gets things done on time
2021/07/17 7:03:52 PM GMT,Computer science ,7,First,"No(If no,please move to question 6)",,5,2,Very Often,Yes,Yes,Very often,Self motivated and always gets things done on time
2021/07/17 8:04:44 PM GMT,Bsc . Petroleum Engineering ,7,Fourth,Yes,Not at all,0,1,Very Often,Yes,No,Sometimes,Self motivated and always gets things done on time
2021/07/17 8:29:24 PM GMT,Biochemistry,8,Second,Yes,Always,8,6,Very Often,No,Yes,Sometimes,Self motivated and always gets things done on time
2021/07/17 9:09:11 PM GMT,BA Geography and Sociology ,5,Second,"No(If no,please move to question 6)",,3,3,Very Often,Sometimes,Yes,Sometimes,Self motivated and always gets things done on time
2021/07/17 9:57:58 PM GMT,Biomedical science,9,Second,Yes,Sometimes,5,3,Very Often,No,No,Sometimes,Self motivated and always gets things done on time
2021/07/17 10:49:15 PM GMT,Mathematics ,6,Fourth,"No(If no,please move to question 6)",,4,3,Very Often,Sometimes,No,Sometimes,Self motivated and sometimes gets things done ahead of time
2021/07/17 11:00:41 PM GMT,Nursing,9,Third,Yes,Always,9,4,Very Often,No,Yes,Never,Self motivated and sometimes gets things done ahead of time
2021/07/17 11:23:48 PM GMT,Masters in Business Administration ,6,First,Yes,Sometimes,1,2,Very Often,Yes,No,Sometimes,Puts things off until the last minute or doesn't complete them
2021/07/18 8:00:53 AM GMT,Bsc. Real Estate ,6,Second,Yes,Sometimes,6,2,Very Often,Sometimes,No,Sometimes,Self motivated and sometimes gets things done ahead of time
2021/07/18 11:43:48 AM GMT,Bsc. Business Administration ,6,Third,Yes,Sometimes,6,2,Very Often,No,Yes,Sometimes,Self motivated and sometimes gets things done ahead of time
2021/07/18 12:13:20 PM GMT,Chemistry,8,Second,Yes,Sometimes,5,2,Sometimes,No,Yes,Sometimes,Self motivated and sometimes gets things done ahead of time
2021/07/18 12:38:28 PM GMT,Statistics ,7,Third,Yes,Sometimes,4,3,Very Often,Sometimes,No,Sometimes,Needs reminding to get things done on time
2021/07/18 2:00:39 PM GMT,Bsc statistics,7,Third,Yes,Sometimes,5,3,Sometimes,Yes,No,Sometimes,Self motivated and sometimes gets things done ahead of time
2021/07/18 2:14:14 PM GMT,Bsc. Physics ,8,First,Yes,Sometimes,5,2,Very Often,Sometimes,No,Sometimes,Needs reminding to get things done on time
2021/07/18 2:17:43 PM GMT,Environmental Science,7,First,"No(If no,please move to question 6)",,4,6,Very Often,Sometimes,No,Sometimes,Self motivated and sometimes gets things done ahead of time
2021/07/18 4:14:22 PM GMT,English,7,Fourth,Yes,Sometimes,3,4,Sometimes,Sometimes,No,Very often,Puts things off until the last minute or doesn't complete them
2021/07/18 4:21:20 PM GMT,Fashion,4,Third,Yes,Sometimes,2,3,Very Often,Yes,Yes,Sometimes,Needs reminding to get things done on time
2021/07/18 4:24:16 PM GMT,Bsc.Statistics ,7,Third,Yes,Always,3,4,Sometimes,No,No,Sometimes,Self motivated and always gets things done on time
2021/07/18 4:29:46 PM GMT,bsc. statistics,7,Third,Yes,Sometimes,4,1,Very Often,Sometimes,Yes,Sometimes,Needs reminding to get things done on time
2021/07/18 4:41:18 PM GMT,Geography,6,Third,Yes,Always,7,5,Very Often,No,Yes,Never,Self motivated and always gets things done on time
2021/07/18 5:25:55 PM GMT,Nursing,7,Other:_____________________________________________________________,"No(If no,please move to question 6)",Always,4,3,Sometimes,No,No,Sometimes,Self motivated and always gets things done on time
2021/07/18 5:26:40 PM GMT,BSc. Aerospace Engineering,8,Second,Yes,Sometimes,4,4,Very Often,No,Yes,Sometimes,Self motivated and sometimes gets things done ahead of time
2021/07/18 5:28:06 PM GMT,Bsc. Information technology ,6,Third,Yes,Always,4,5,Very Often,Sometimes,No,Sometimes,Needs reminding to get things done on time
2021/07/18 5:28:20 PM GMT,Bsc Psychology ,2,Second,"No(If no,please move to question 6)",,4,4,Very Often,No,Yes,Never,Self motivated and sometimes gets things done ahead of time
2021/07/18 5:37:55 PM GMT,Civil engineering ,9,Fourth,Yes,Sometimes,2,5,Very Often,Sometimes,No,Never,Self motivated and always gets things done on time
2021/07/18 5:40:10 PM GMT,IT,6,First,Yes,Sometimes,2,2,Sometimes,Yes,Yes,Very often,Puts things off until the last minute or doesn't complete them
2021/07/18 5:47:18 PM GMT,History,6,Third,"No(If no,please move to question 6)",Not at all,4,3,Very Often,Sometimes,Yes,Sometimes,Self motivated and always gets things done on time
2021/07/18 5:52:52 PM GMT,Biochemistry,8,Second,"No(If no,please move to question 6)",,5,8,Sometimes,No,Yes,Never,Self motivated and always gets things done on time
2021/07/18 6:08:12 PM GMT,BSc Economics ,6,First,"No(If no,please move to question 6)",,5,3,Very Often,Sometimes,Yes,Sometimes,Self motivated and sometimes gets things done ahead of time
2021/07/18 6:17:02 PM GMT,Statistics ,7,Third,"No(If no,please move to question 6)",,3,2,Very Often,Yes,Yes,Sometimes,Self motivated and sometimes gets things done ahead of time
2021/07/18 6:26:35 PM GMT,Biochemistry,8,Second,Yes,Sometimes,6,12,Very Often,Sometimes,Yes,Never,Self motivated and sometimes gets things done ahead of time
2021/07/18 6:36:35 PM GMT,Admin,6,Third,"No(If no,please move to question 6)",,2,1,Very Often,No,No,Sometimes,Self motivated and sometimes gets things done ahead of time
2021/07/18 7:01:22 PM GMT,B/A,2,Third,"No(If no,please move to question 6)",,5,3,Very Often,Sometimes,No,Sometimes,Puts things off until the last minute or doesn't complete them
2021/07/18 7:19:57 PM GMT,Bsc Mechanical engineering ,7,First,"No(If no,please move to question 6)",Not at all,1,3,Very Often,Yes,No,Sometimes,Puts things off until the last minute or doesn't complete them
2021/07/18 7:26:36 PM GMT,B.A. Economics & Chinese,7,Fourth,"No(If no,please move to question 6)",,4,4,Very Often,Sometimes,No,Sometimes,Self motivated and always gets things done on time
2021/07/18 7:44:58 PM GMT,BSc. Information Technology ,6,Third,"No(If no,please move to question 6)",,4,6,Very Often,No,Yes,Sometimes,Self motivated and always gets things done on time
2021/07/18 7:53:53 PM GMT,Business Administration ,6,Third,"No(If no,please move to question 6)",,10,3,Very Often,Sometimes,Yes,Never,Self motivated and always gets things done on time
2021/07/18 8:04:18 PM GMT,Architecture ,5,Third,Yes,Sometimes,8,6,Very Often,Sometimes,Yes,Never,Self motivated and sometimes gets things done ahead of time
2021/07/18 8:32:49 PM GMT,Bsc. Statistics ,7,Second,"No(If no,please move to question 6)",,4,2,Very Often,No,No,Sometimes,Needs reminding to get things done on time
2021/07/18 8:35:43 PM GMT,Accounting and finance ,9,First,Yes,Sometimes,7,2,Very Often,No,Yes,Never,Self motivated and always gets things done on time
2021/07/18 8:48:56 PM GMT,BSC.statistics,7,Second,"No(If no,please move to question 6)",,4,2,Very Often,No,No,Sometimes,Needs reminding to get things done on time
2021/07/18 9:11:31 PM GMT,Midwifery,7,First,"No(If no,please move to question 6)",Always,5,3,Very Often,Yes,Yes,Never,Self motivated and always gets things done on time
2021/07/18 9:15:38 PM GMT,Chemistry ,7,First,"No(If no,please move to question 6)",,4,3,Very Often,Sometimes,Yes,Never,Self motivated and always gets things done on time
2021/07/18 9:16:29 PM GMT,Economics ,7,Third,Yes,Always,7,5,Very Often,No,Yes,Never,Self motivated and always gets things done on time
2021/07/18 9:16:32 PM GMT,BS ECONOMICS,7,Third,Yes,Sometimes,4,2,Very Often,No,No,Never,Self motivated and always gets things done on time
2021/07/18 9:16:39 PM GMT,Economics ,7,Third,Yes,Sometimes,4,2,Very Often,Yes,No,Sometimes,Self motivated and always gets things done on time
2021/07/18 9:27:42 PM GMT,Chemistry,7,First,Yes,Sometimes,3,2,Very Often,Sometimes,No,Sometimes,Self motivated and always gets things done on time
2021/07/18 9:40:07 PM GMT,Bsc. Biochemistry ,7,Third,"No(If no,please move to question 6)",,3,1,Very Often,No,Yes,Never,Self motivated and sometimes gets things done ahead of time
2021/07/18 9:45:13 PM GMT,Economics,6,Fourth,Yes,Always,4,3,Very Often,No,Yes,Never,Self motivated and sometimes gets things done ahead of time
2021/07/18 9:50:36 PM GMT,Economics,8,Second,Yes,Always,8,5,Very Often,No,Yes,Never,Self motivated and always gets things done on time
2021/07/18 9:58:38 PM GMT,Bsc. Statistics ,7,Third,"No(If no,please move to question 6)",,3,3,Sometimes,Sometimes,No,Sometimes,Self motivated and always gets things done on time
2021/07/18 10:16:39 PM GMT,Economics ,7,Third,Yes,Sometimes,4,2,Very Often,Sometimes,No,Sometimes,Self motivated and sometimes gets things done ahead of time
2021/07/18 11:44:45 PM GMT,Bsc.Statistics,7,Third,"No(If no,please move to question 6)",,5,4,Sometimes,Sometimes,Yes,Sometimes,Self motivated and always gets things done on time
2021/07/19 12:05:46 AM GMT,Bsc. Quantity surveying and construction economics ,9,First,"No(If no,please move to question 6)",,5,6,Very Often,No,Yes,Never,Self motivated and always gets things done on time
2021/07/19 12:15:52 AM GMT,Statistics ,7,Third,Yes,Always,2,2,Very Often,No,Yes,Sometimes,Self motivated and sometimes gets things done ahead of time
2021/07/19 1:59:32 AM GMT,B.A Geography,6,Third,Yes,Always,5,0,Never,No,Yes,Sometimes,Self motivated and sometimes gets things done ahead of time
2021/07/19 3:24:44 AM GMT,Political studies ,9,First,Yes,Sometimes,3,3,Very Often,Sometimes,No,Very often,Puts things off until the last minute or doesn't complete them
2021/07/19 3:37:00 AM GMT,Economics,7,Third,"No(If no,please move to question 6)",,3,4,Very Often,Yes,Yes,Sometimes,Puts things off until the last minute or doesn't complete them
2021/07/19 5:09:11 AM GMT,Economics ,7,Third,"No(If no,please move to question 6)",Always,5,3,Very Often,No,Yes,Never,Self motivated and sometimes gets things done ahead of time
2021/07/19 7:26:20 AM GMT,B.A ECONOMICS,7,Second,Yes,Always,5,3,Very Often,No,Yes,Never,Self motivated and always gets things done on time
2021/07/19 10:09:37 AM GMT,Social work,7,First,Yes,Sometimes,3,3,Never,Sometimes,No,Never,Needs reminding to get things done on time
2021/07/19 10:16:34 AM GMT,Statistics ,7,Third,Yes,Always,2,3,Very Often,No,Yes,Never,Self motivated and always gets things done on time
2021/07/19 10:40:26 AM GMT,Statistics ,7,First,Yes,Always,7,2,Very Often,No,Yes,Never,Self motivated and always gets things done on time
2021/07/19 11:20:59 AM GMT,Construction Technology and Management. ,8,Second,"No(If no,please move to question 6)",,4,4,Very Often,No,Yes,Never,Self motivated and always gets things done on time
2021/07/19 11:38:20 AM GMT,Human biology,6,Third,Yes,Sometimes,5,2,Very Often,No,Yes,Sometimes,Self motivated and always gets things done on time
2021/07/19 11:44:10 AM GMT,Human Biology Medicine ,6,Third,Yes,Always,6,2,Very Often,No,Yes,Sometimes,Self motivated and sometimes gets things done ahead of time
2021/07/19 11:59:29 AM GMT,BA.Econonmics,8,First,Yes,Sometimes,2,2,Very Often,No,No,Never,Self motivated and sometimes gets things done ahead of time
2021/07/19 12:20:39 PM GMT,Bsc. Mathematics,7,Third,Yes,Always,7,2,Very Often,Yes,Yes,Sometimes,Self motivated and always gets things done on time
2021/07/19 1:56:25 PM GMT,Economics ,6,Third,"No(If no,please move to question 6)",,6,1,Sometimes,No,Yes,Sometimes,Needs reminding to get things done on time
2021/07/19 2:08:34 PM GMT,Doctor of veterinary medicine ,6,First,"No(If no,please move to question 6)",,3,2,Very Often,Sometimes,No,Sometimes,Self motivated and sometimes gets things done ahead of time
2021/07/19 2:19:20 PM GMT,Medical Laboratory Technology ,7,Second,"No(If no,please move to question 6)",,3,3,Very Often,No,Yes,Never,Self motivated and always gets things done on time
2021/07/19 2:25:24 PM GMT,Electrical Engineering,7,First,Yes,Always,3,2,Very Often,Sometimes,Yes,Sometimes,Self motivated and sometimes gets things done ahead of time
2021/07/19 2:55:52 PM GMT,Doctor of Veterinary Medicine,7,First,Yes,Sometimes,5,3,Very Often,Sometimes,No,Sometimes,Self motivated and always gets things done on time
2021/07/19 4:03:27 PM GMT,Bsc. Biochemistry,8,Second,Yes,Sometimes,3,1,Sometimes,Sometimes,Yes,Sometimes,Self motivated and always gets things done on time
2021/07/19 5:19:48 PM GMT,Bachelor of education,7,First,Yes,Sometimes,7,3,Very Often,No,Yes,Never,Self motivated and sometimes gets things done ahead of time
2021/07/19 6:14:05 PM GMT,BA. History ,6,Third,Yes,Sometimes,2,4,Very Often,Yes,Yes,Sometimes,Self motivated and always gets things done on time
2021/07/19 7:26:29 PM GMT,Hb,6,Third,"No(If no,please move to question 6)",Not at all,2,2,Very Often,Sometimes,Yes,Sometimes,Puts things off until the last minute or doesn't complete them
2021/07/19 7:54:10 PM GMT,POLITICAL STUDIES/ENGLISH,8,Second,"No(If no,please move to question 6)",,4,2,Very Often,Sometimes,Yes,Never,Self motivated and sometimes gets things done ahead of time
2021/07/19 8:09:58 PM GMT,Doctor of Pharmacy,7,Third,Yes,Sometimes,1,5,Sometimes,Sometimes,Yes,Very often,Self motivated and sometimes gets things done ahead of time
2021/07/19 10:37:42 PM GMT,Political science,5,Second,"No(If no,please move to question 6)",,4,5,Sometimes,Sometimes,Yes,Sometimes,Self motivated and always gets things done on time
2021/07/20 12:17:25 AM GMT,Pharmacy,7,Third,Yes,Always,6,5,Very Often,No,Yes,Never,Self motivated and always gets things done on time
2021/07/20 11:40:13 AM GMT,B.A English,9,First,Yes,Always,7,3,Very Often,No,Yes,Never,Self motivated and always gets things done on time
2021/07/20 2:56:23 PM GMT,Biochemistry ,8,Second,Yes,Sometimes,6,4,Very Often,No,Yes,Never,Self motivated and always gets things done on time
2021/07/20 3:24:25 PM GMT,BSc mathematics,7,Third,"No(If no,please move to question 6)",,4,5,Very Often,No,Yes,Sometimes,Self motivated and always gets things done on time
2021/07/20 4:54:15 PM GMT,English,7,Third,"No(If no,please move to question 6)",,3,5,Sometimes,Sometimes,No,Sometimes,Self motivated and always gets things done on time
2021/07/20 5:03:59 PM GMT,Midwifery,8,First,Yes,Sometimes,8,2,Very Often,No,Yes,Sometimes,Needs reminding to get things done on time
2021/07/20 7:08:08 PM GMT,BA TEXTILES TECHNOLOGY ,7,Other:_____________________________________________________________,Yes,Always,2,4,Sometimes,Sometimes,No,Sometimes,Self motivated and sometimes gets things done ahead of time
2021/07/20 8:46:16 PM GMT,Mathematics ,7,Second,"No(If no,please move to question 6)",,7,3,Very Often,No,Yes,Sometimes,Self motivated and sometimes gets things done ahead of time
2021/07/20 8:47:49 PM GMT,BSc. Chemistry ,7,First,"No(If no,please move to question 6)",Sometimes,4,1,Very Often,Sometimes,No,Sometimes,Self motivated and always gets things done on time
2021/07/20 8:49:56 PM GMT,Politics ,8,Second,"No(If no,please move to question 6)",,0,3,Very Often,Yes,Yes,Never,Self motivated and always gets things done on time
2021/07/20 8:50:14 PM GMT,BA MEDIA AND COMMUNICATION STUDIES ,9,First,Yes,Sometimes,3,2,Very Often,Sometimes,Yes,Never,Self motivated and always gets things done on time
2021/07/20 8:53:47 PM GMT,BSC AGRICULTURE,9,First,Yes,Always,9,3,Very Often,No,Yes,Sometimes,Self motivated and always gets things done on time
2021/07/20 8:55:11 PM GMT,Biomedical engineering ,8,First,Yes,Sometimes,4,5,Very Often,No,Yes,Sometimes,Self motivated and sometimes gets things done ahead of time
2021/07/20 8:57:43 PM GMT,Geography,9,First,Yes,Sometimes,6,5,Very Often,Sometimes,Yes,Sometimes,Self motivated and always gets things done on time
2021/07/20 9:00:28 PM GMT,Bsc. Business Administration,7,First,Yes,Always,6,2,Very Often,Yes,Yes,Never,Self motivated and always gets things done on time
2021/07/20 9:02:07 PM GMT,Midwifery,8,First,Yes,Always,8,3,Very Often,No,No,Never,Self motivated and always gets things done on time
2021/07/20 9:11:57 PM GMT,Business administration ,7,First,Yes,Always,5,4,Very Often,No,Yes,Sometimes,Self motivated and always gets things done on time
2021/07/20 9:12:14 PM GMT,BA PUBLISHING STUDIES ,6,First,Yes,Sometimes,6,2,Sometimes,Sometimes,No,Very often,Puts things off until the last minute or doesn't complete them
2021/07/20 9:16:46 PM GMT,Electrical Engineering ,7,First,Yes,Always,7,3,Very Often,No,Yes,Sometimes,Self motivated and sometimes gets things done ahead of time
2021/07/20 9:17:03 PM GMT,Telecommunication Engineering,7,First,"No(If no,please move to question 6)",,3,1,Very Often,Sometimes,No,Sometimes,Self motivated and sometimes gets things done ahead of time
2021/07/20 9:21:10 PM GMT,Veterinary medicine ,7,First,Yes,Sometimes,3,2,Very Often,Yes,Yes,Sometimes,Needs reminding to get things done on time
2021/07/20 9:21:40 PM GMT,Chemical engineering,7,First,Yes,Always,7,3,Very Often,No,Yes,Sometimes,Self motivated and sometimes gets things done ahead of time
2021/07/20 9:24:05 PM GMT,BA Sociology,8,First,"No(If no,please move to question 6)",,5,2,Very Often,No,Yes,Sometimes,Self motivated and always gets things done on time
2021/07/20 9:33:21 PM GMT,Bsc Agriculture ,9,Second,Yes,Sometimes,6,1,Sometimes,Yes,Yes,Very often,Self motivated and always gets things done on time
2021/07/20 9:36:32 PM GMT,Natural resource management,6,First,"No(If no,please move to question 6)",Always,4,2,Very Often,No,No,Sometimes,Self motivated and always gets things done on time
2021/07/20 9:40:45 PM GMT,BA LINGUISTICS ,9,First,Yes,Sometimes,2,1,Very Often,Sometimes,Yes,Very often,Needs reminding to get things done on time
2021/07/20 9:43:00 PM GMT,Accounting,6,Third,"No(If no,please move to question 6)",,3,1,Sometimes,Sometimes,Yes,Sometimes,Self motivated and sometimes gets things done ahead of time
2021/07/20 9:46:57 PM GMT,Medical imaging ,7,First,"No(If no,please move to question 6)",,1,1,Sometimes,Sometimes,No,Sometimes,Puts things off until the last minute or doesn't complete them
2021/07/20 9:48:00 PM GMT,Bsc Computer science ,7,First,Yes,Sometimes,8,5,Very Often,No,Yes,Never,Self motivated and sometimes gets things done ahead of time
2021/07/20 10:07:11 PM GMT,computer engineering ,8,First,"No(If no,please move to question 6)",,0,3,Sometimes,Yes,Yes,Very often,Puts things off until the last minute or doesn't complete them
2021/07/20 10:26:59 PM GMT,Bsc. Computer Engineering ,8,First,"No(If no,please move to question 6)",,3,1,Sometimes,Sometimes,No,Sometimes,Needs reminding to get things done on time
2021/07/20 10:38:59 PM GMT,BSC. Human Resources Management ,7,First,"No(If no,please move to question 6)",,3,3,Very Often,No,Yes,Never,Self motivated and always gets things done on time
2021/07/20 10:40:19 PM GMT,Political Studies ,5,Fourth,Yes,Sometimes,3,3,Sometimes,Sometimes,No,Sometimes,Self motivated and sometimes gets things done ahead of time
2021/07/20 10:43:23 PM GMT,BA History ,8,First,"No(If no,please move to question 6)",,3,4,Very Often,Sometimes,Yes,Never,Puts things off until the last minute or doesn't complete them
2021/07/20 10:52:20 PM GMT,BSC REAL ESTATE ,7,First,Yes,Sometimes,4,4,Very Often,Sometimes,Yes,Sometimes,Self motivated and sometimes gets things done ahead of time
2021/07/20 10:52:21 PM GMT,BA.ECONOMICS ,9,First,"No(If no,please move to question 6)",,5,1,Very Often,Yes,Yes,Very often,Needs reminding to get things done on time
2021/07/20 10:57:04 PM GMT,BSc. Biochemistry ,8,First,"No(If no,please move to question 6)",,8,2,Very Often,Sometimes,Yes,Sometimes,Self motivated and sometimes gets things done ahead of time
2021/07/20 11:08:52 PM GMT,Business administration marketing ,7,First,"No(If no,please move to question 6)",Sometimes,7,4,Very Often,Yes,Yes,Sometimes,Self motivated and always gets things done on time
2021/07/20 11:18:43 PM GMT,Computer engineering,8,First,Yes,Sometimes,2,3,Very Often,Yes,No,Sometimes,Self motivated and always gets things done on time
2021/07/20 11:19:49 PM GMT,Bsc Computer Engineering,8,First,"No(If no,please move to question 6)",,8,2,Very Often,Sometimes,Yes,Never,Self motivated and sometimes gets things done ahead of time
2021/07/20 11:42:29 PM GMT,Human Resource Management/Management ,7,First,Yes,Always,6,2,Very Often,No,Yes,Sometimes,Self motivated and sometimes gets things done ahead of time
2021/07/21 12:18:45 AM GMT,BSC Physics,8,First,Yes,Sometimes,4,2,Very Often,Yes,No,Sometimes,Puts things off until the last minute or doesn't complete them
2021/07/21 3:07:06 AM GMT,Forest resources technology ,8,First,"No(If no,please move to question 6)",Sometimes,6,5,Very Often,No,Yes,Never,Self motivated and always gets things done on time
2021/07/21 5:01:43 AM GMT,Bsc. Statistics ,7,Third,Yes,Sometimes,7,3,Very Often,No,No,Sometimes,Self motivated and always gets things done on time
2021/07/21 6:53:17 AM GMT,BSc Actuarial Science ,7,First,Yes,Sometimes,5,3,Sometimes,Yes,No,Very often,Self motivated and always gets things done on time
2021/07/21 7:14:33 AM GMT,Biochemistry,8,Second,"No(If no,please move to question 6)",Not at all,8,4,Very Often,No,Yes,Never,Self motivated and sometimes gets things done ahead of time
2021/07/21 7:34:47 AM GMT,Business Administration ,7,First,Yes,Sometimes,1,0,Very Often,Sometimes,Yes,Sometimes,Needs reminding to get things done on time
2021/07/21 8:55:52 AM GMT,Geography ,8,Second,Yes,Not at all,4,1,Very Often,Yes,No,Very often,Needs reminding to get things done on time
2021/07/21 9:06:04 AM GMT,Business Administration ,6,Third,"No(If no,please move to question 6)",,2,3,Very Often,Sometimes,Yes,Sometimes,Needs reminding to get things done on time
2021/07/21 10:51:19 AM GMT,Biochemistry,7,Third,"No(If no,please move to question 6)",,7,0,Very Often,Yes,Yes,Very often,Puts things off until the last minute or doesn't complete them
2021/07/21 10:52:44 AM GMT,Petrochemical engineering,8,Third,Yes,Sometimes,1,2,Very Often,Yes,Yes,Sometimes,Puts things off until the last minute or doesn't complete them
2021/07/21 1:04:38 PM GMT,Bsc. statistics,7,Second,Yes,Always,7,1,Very Often,No,Yes,Never,Self motivated and always gets things done on time
2021/07/21 4:35:45 PM GMT,Bsc.Midwifery,9,Second,"No(If no,please move to question 6)",,7,1,Very Often,Yes,Yes,Never,Self motivated and always gets things done on time
2021/07/21 6:00:50 PM GMT,Bsc Telecommunication Engineering ,7,Third,Yes,Sometimes,2,3,Sometimes,No,No,Sometimes,Needs reminding to get things done on time
2021/07/22 12:51:26 AM GMT,Metallurgical Engineering,7,First,Yes,Sometimes,4,5,Very Often,No,Yes,Sometimes,Self motivated and always gets things done on time
2021/07/22 7:56:25 AM GMT,Automotive engineering ,7,First,Yes,Sometimes,3,2,Very Often,Sometimes,No,Very often,Puts things off until the last minute or doesn't complete them
2021/07/22 1:42:48 PM GMT,Quantity surveying,9,First,"No(If no,please move to question 6)",Sometimes,9,4,Very Often,No,No,Sometimes,Self motivated and always gets things done on time
2021/07/22 4:09:10 PM GMT,Bsc. chemistry,7,First,Yes,Always,5,2,Very Often,No,Yes,Never,Self motivated and always gets things done on time
2021/07/22 5:31:10 PM GMT,BSC Statistics ,7,Third,Yes,Sometimes,2,2,Very Often,No,Yes,Never,Self motivated and always gets things done on time
2021/07/22 5:36:01 PM GMT,Bsc. Biochemistry,7,Third,Yes,Always,4,2,Very Often,No,Yes,Never,Self motivated and always gets things done on time
2021/07/22 5:41:09 PM GMT,BSC Aquaculture and water resources ,6,Third,"No(If no,please move to question 6)",,6,2,Sometimes,Sometimes,No,Sometimes,Self motivated and sometimes gets things done ahead of time
2021/07/22 7:16:22 PM GMT,Geography and Rural development ,6,Third,Yes,Sometimes,3,2,Very Often,Sometimes,Yes,Sometimes,Puts things off until the last minute or doesn't complete them
2021/07/22 8:37:35 PM GMT,Statistics ,7,Fourth,Yes,Always,5,3,Very Often,Yes,No,Never,Self motivated and always gets things done on time
2021/07/22 10:48:24 PM GMT,Doctor of Optometry,8,Second,Yes,Always,5,3,Very Often,Sometimes,Yes,Never,Self motivated and always gets things done on time
2021/07/23 12:05:24 AM GMT,Economics ,2,Other:_____________________________________________________________,"No(If no,please move to question 6)",,3,4,Very Often,No,Yes,Sometimes,Self motivated and sometimes gets things done ahead of time
2021/07/23 8:22:40 AM GMT,Statistics ,7,Third,Yes,Sometimes,4,4,Sometimes,Sometimes,Yes,Sometimes,Self motivated and always gets things done on time
2021/07/23 10:49:38 AM GMT,Statistics,7,Third,Yes,Sometimes,1,4,Very Often,Sometimes,Yes,Sometimes,Puts things off until the last minute or doesn't complete them
2021/07/23 11:30:04 AM GMT,BSc Construction Technology and Management,8,Third,Yes,Always,5,8,Very Often,No,Yes,Never,Self motivated and always gets things done on time
2021/07/23 11:34:04 AM GMT,Bsc Statistics ,5,Fourth,Yes,Sometimes,2,2,Sometimes,Sometimes,Yes,Sometimes,Self motivated and always gets things done on time
2021/07/23 11:45:42 AM GMT,Bsc.Natural Resources Management ,7,Third,"No(If no,please move to question 6)",Sometimes,3,5,Very Often,Yes,Yes,Never,Self motivated and always gets things done on time
2021/07/23 12:17:13 PM GMT,Geography,6,Third,Yes,Always,6,1,Very Often,No,Yes,Sometimes,Self motivated and sometimes gets things done ahead of time
2021/07/23 12:23:30 PM GMT,Natural resources Management ,7,Third,"No(If no,please move to question 6)",,7,4,Very Often,No,Yes,Never,Self motivated and sometimes gets things done ahead of time
2021/07/23 3:54:43 PM GMT,BSc. Mathematics ,7,Third,"No(If no,please move to question 6)",,2,3,Very Often,No,Yes,Never,Self motivated and always gets things done on time
2021/07/23 4:04:05 PM GMT,BSc Agriculture ,9,Second,"No(If no,please move to question 6)",Sometimes,9,3,Very Often,Sometimes,No,Sometimes,Needs reminding to get things done on time
2021/07/23 6:55:06 PM GMT,BA Sociology ,8,Second,Yes,Always,7,1,Very Often,No,Yes,Never,Self motivated and always gets things done on time
2021/07/23 7:45:53 PM GMT,computer engineering,6,Third,"No(If no,please move to question 6)",,3,1,Very Often,Sometimes,Yes,Sometimes,Self motivated and always gets things done on time
2021/07/23 8:35:37 PM GMT,Land Economy,8,First,Yes,Not at all,3,5,Very Often,Yes,Yes,Very often,Self motivated and always gets things done on time
2021/07/24 8:03:24 AM GMT,Bsc. Fashion Design ,3,Third,"No(If no,please move to question 6)",,5,3,Very Often,No,Yes,Never,Self motivated and always gets things done on time
